Tool,Description,Link,Category,Example
3DGPT,"Authentise 3DGPT is an AI-powered tool designed to streamline additive manufacturing by offering instant, intelligent insights and solutions. It combines GPT-driven natural language processing with real-time manufacturing data to enhance decision-making, improve workflows, and reduce operational complexity in 3D printing processes.",https://www.authentise.com/solutions/3dgpt,Simulations and Interactive Learning ,"3DGPT allows teachers to interact with 3D models through conversational queries, making complex concepts more accessible. In higher education, educators can use it to demonstrate intricate designs or mechanical components in disciplines like engineering, architecture, and science, enabling real-time analysis, visualization, and enhanced student understanding of 3D structures."
Adobe Firefly,"Adobe Firefly is a generative AI tool that empowers creators to produce stunning visuals, text effects, and designs with ease. Seamlessly integrated with Adobe’s creative suite, it uses advanced AI to enhance creativity, enabling users to generate and customize content rapidly while maintaining professional quality.",https://firefly.adobe.com,Content Creation and Enhancement,"Adobe Firefly enables teachers in higher education to quickly generate custom visuals, text effects, and other design elements for their teaching materials. Educators can use it to create engaging presentations, visually enhanced lesson content, and unique digital resources, saving time while fostering a visually immersive learning environment for students."
AI Dungeon,"AI Dungeon is an interactive storytelling platform powered by advanced AI, enabling users to create and explore limitless text-based adventures. It adapts dynamically to player input, offering personalized and immersive narratives in any genre, fostering creativity and endless possibilities.",https://aidungeon.com/,Content Creation and Enhancement,"AI Dungeon enables educators to design creative, immersive learning experiences for students. Teachers in higher education can use it to craft scenario-based exercises, such as historical reenactments or ethical decision-making simulations, fostering critical thinking, creativity, and student engagement in disciplines like literature, history, and philosophy."
Bing,"Microsoft Bing AI is a cutting-edge search and conversational tool that utilizes advanced AI to provide precise answers, creative insights, and tailored assistance. By leveraging natural language processing and deep learning, it enhances web searches, generates contextual responses, and simplifies complex tasks. Integrated into Microsoft’s ecosystem, it offers seamless functionality for both personal and professional use, delivering smarter, faster, and more intuitive online experiences.",https://www.bing.com,Data and Information Management and Evaluation,"Bing enables teachers in higher education to streamline lesson planning, find reliable resources, and generate creative ideas for teaching materials. By leveraging its conversational capabilities and contextual insights, educators can efficiently research complex topics, create engaging content, and provide students with accurate, real-time information during classroom discussions."
Canva AI,"Canva Magic Design is an AI-powered tool that simplifies and accelerates the design process by generating professional-quality templates and creative suggestions. Whether for presentations, social media, or branding, it customizes designs based on user inputs, ensuring visually appealing and impactful results in seconds. This innovative feature makes design accessible and effortless for users of all skill levels, enabling creativity without compromising quality or efficiency.",https://www.canva.com/magic-design/,Content Creation and Enhancement,"Canva AI helps teachers in higher education create professional-quality presentations, infographics, and course materials with ease. Educators can use it to quickly design visually engaging lecture slides, assignment templates, or learning aids, saving time while enhancing the visual appeal and effectiveness of their teaching resources."
ChatGPT,"ChatGPT by OpenAI is a powerful conversational AI tool designed to understand and respond to natural language inputs with precision and context-awareness. It assists users with tasks like drafting content, answering questions, brainstorming ideas, and more, offering a seamless blend of creativity and functionality. Ideal for both personal and professional use, ChatGPT delivers intelligent, human-like interactions that enhance productivity and engagement.",https://openai.com/index/chatgpt/,Language and Natural Language Processing,"ChatGPT supports educators in higher education by generating lesson plans, creating quiz questions, and providing explanations for complex topics. Teachers can use it to streamline administrative tasks, enhance classroom discussions, and design personalized learning materials, fostering a more efficient and engaging teaching process."
ChatGPT For Excel,"The AI-powered Workflows for Office app streamlines productivity by automating routine tasks and integrating intelligent solutions directly within Microsoft Office. It leverages AI to enhance efficiency, enabling users to simplify document management, data analysis, and collaboration. This tool is ideal for professionals looking to save time and boost productivity, seamlessly integrating advanced capabilities into familiar Office applications.",https://appsource.microsoft.com/en-us/product/office/WA200005271,Productivity for Students,"ChatGPT For Excel integrates seamlessly into Office applications, providing educators with smart features like content generation, data analysis, and task automation. Teachers in higher education can use it to create dynamic lesson plans, automate grading spreadsheets, and generate engaging teaching materials, saving time and improving efficiency in managing classroom and administrative tasks."
ChatPDF.com,"ChatPDF is an AI-powered platform that allows users to interact with PDF documents using natural language. By uploading a PDF, users can ask questions and receive answers directly from the content, making document review and analysis more efficient. With advanced AI capabilities, ChatPDF enables quick extraction of relevant information, making it a valuable tool for students, researchers, and professionals working with large documents.",https://www.chatpdf.com/,Data and Information Management and Evaluation,"ChatPDF assists educators in higher education with lesson planning, content generation, and simplifying complex topics. Teachers can use it to create tailored learning materials, generate quiz questions, and provide instant support for student inquiries, enhancing classroom engagement and streamlining their teaching workflow."
Claude,"Claude AI, developed by Anthropic, is an advanced conversational AI designed to assist with tasks such as writing, summarization, data analysis, and brainstorming. With a focus on safety and reliability, it uses deep language understanding to deliver context-aware and human-like interactions. Ideal for both personal and professional use, Claude offers efficient, intuitive solutions to enhance productivity and decision-making while maintaining user-friendly engagement.",https://claude.ai,Language and Natural Language Processing,"Claude provides in-depth insights, content generation, and contextual assistance. Teachers in higher education can leverage Claude to draft course materials, generate detailed explanations for complex concepts, and create engaging classroom discussions, enabling a more efficient and interactive teaching process."
Cognii,"Cognii is an AI-powered educational platform that leverages natural language processing to deliver personalized learning experiences and intelligent assessments. Designed for educators and students, it provides real-time feedback, adaptive learning paths, and automated grading to enhance engagement and efficiency. Cognii's conversational AI promotes critical thinking and deeper understanding, making it a powerful tool for modern, interactive education across various subjects and levels.",https://www.cognii.com/,Personalised Learning,"Cognii enhance educational experiences by providing personalized feedback and supporting open-ended learning assessments. Teachers can use Cognii to automate grading of essay-style responses, offer detailed feedback on student submissions, and support adaptive learning, allowing educators to focus on creating deeper engagement and improving learning outcomes."
Consensus,"Consensus is an AI-driven research tool designed to extract and summarize insights from scientific literature quickly and accurately. By leveraging advanced natural language processing, it helps users find evidence-based answers to complex questions, streamlining the research process for professionals and academics. Consensus empowers informed decision-making by providing clear, reliable summaries from credible sources, saving time while enhancing the depth and quality of analysis.",https://consensus.app/,Inquiry and Learning Process Facilitation,"Consensus provides evidence-based answers by analyzing and summarizing scientific literature. Teachers in higher education can use it to quickly gather reliable data for lectures, design research-focused assignments, and guide students in conducting evidence-based studies, fostering a deeper understanding of research methodologies and critical analysis."
Copilot,"Microsoft Copilot is an advanced AI assistant seamlessly integrated into Microsoft 365 applications to enhance productivity and creativity. It leverages generative AI to assist with tasks such as drafting content, analyzing data, creating presentations, and automating workflows. Designed to simplify complex processes, Copilot empowers users to work smarter and more efficiently, offering intuitive, context-aware suggestions that save time and boost professional output across various applications.",https://copilot.microsoft.com,Collaboration and Interaction,"Microsoft Copilot is designed to enhance productivity and streamline content creation. Teachers in higher education can use Copilot to draft lesson plans, automate grading spreadsheets, and generate teaching materials, enabling them to focus more on student engagement and delivering effective instruction."
DALL-E,"DALL-E by OpenAI is a cutting-edge AI tool that generates unique, high-quality images from text descriptions, revolutionizing creative workflows. It uses deep learning to interpret natural language prompts, producing visually stunning and imaginative results tailored to user specifications. Perfect for designers, marketers, and innovators, DALL-E simplifies the creation of custom visuals, offering endless possibilities for artistic and professional projects.",https://openai.com/index/dall-e-3/,Content Creation and Enhancement,"DALL-E generates unique images from textual descriptions, enabling teachers to create customized visual content for their lessons. In higher education, educators can use DALL-E to design engaging lecture slides, generate illustrations for complex concepts, and develop creative visual aids for art, design, or interdisciplinary subjects, enhancing students' understanding and interest."
DeepL,"DeepL Translator is a powerful AI-based language translation tool renowned for its accuracy and natural phrasing. It supports multiple languages, providing high-quality translations for both personal and professional use. With its user-friendly interface and advanced neural network technology, DeepL ensures seamless communication and understanding across language barriers.",https://www.deepl.com/en/translator,Language and Natural Language Processing,"DeepL enables teachers in higher education to translate academic resources, create multilingual teaching materials, and support language learning courses, ensuring accessibility and enhancing cross-cultural understanding in the classroom."
KnowBe4,Description text,https://www.knowbe4.com,Cybersecurity Awareness,Example description
ElevenLabs,"ElevenLabs is an advanced AI tool specializing in natural-sounding voice synthesis and speech generation. It allows users to create realistic voiceovers, customize tones, and generate high-quality audio content for various applications like podcasts, audiobooks, and media productions. Leveraging cutting-edge deep learning, ElevenLabs delivers lifelike vocal performances with precision and flexibility, making it an essential solution for creators and businesses seeking professional-grade audio solutions.",https://elevenlabs.io,Content Creation and Enhancement,"ElevenLabs generates realistic and expressive voiceovers from written text. Teachers in higher education can use ElevenLabs to create audio versions of lecture notes, develop engaging multimedia resources, and support students with diverse learning needs, including those who benefit from auditory learning formats."
Elicit,"Elicit is an AI-powered research assistant designed to streamline evidence-based decision-making by analyzing and summarizing academic literature. It helps users quickly identify relevant studies, extract key insights, and organize findings, making the research process faster and more efficient. Ideal for academics, professionals, and organizations, Elicit enhances productivity and ensures informed decision-making through its intuitive interface and advanced natural language processing capabilities.",https://elicit.com/,Inquiry and Learning Process Facilitation,"Elicit is designed to streamline the process of finding and synthesizing academic literature. Teachers in higher education can use Elicit to quickly identify relevant studies, summarize findings, and generate evidence-based insights for lectures and course materials, saving time and enhancing the depth of their teaching content."
Fliki.AI,"Fliki is an AI-driven platform that transforms text into lifelike voiceovers and engaging videos. With a variety of natural-sounding voices and customizable video templates, it simplifies content creation for podcasts, tutorials, and social media. Fliki empowers users to produce professional-quality multimedia content quickly and effortlessly.",https://fliki.ai/,Content Creation and Enhancement,"Fliki AI converts text into engaging videos and voiceovers, making it easy for educators to create multimedia content. Teachers in higher education can use Fliki to design visually rich lecture materials, develop instructional videos, and create accessible content for online learning platforms, enhancing student engagement and comprehension."
Gemini,"Google Gemini is an advanced AI tool designed to integrate cutting-edge generative AI capabilities into search, productivity, and creative workflows. By combining deep learning with real-time data processing, Gemini provides users with personalized insights, creative content generation, and seamless task automation. Ideal for both individuals and businesses, it enhances efficiency, fosters creativity, and delivers smarter, context-aware solutions across a range of applications.",https://gemini.google.com/app,Personalised Learning,"Gemini enables teachers in higher education to create interactive learning activities, answer complex student queries in real-time, and streamline lesson planning, fostering a more engaging and efficient teaching process."
Humata.AI,"Humata.ai is an AI-powered tool that simplifies document analysis by providing instant summaries, answers, and insights from uploaded files. It streamlines workflows for professionals by enabling quick comprehension and data extraction from complex documents.",https://www.humata.ai/,Data and Information Management and Evaluation,"Humata AI helps educators quickly extract insights and summarize key points from academic papers, PDFs, and other documents. Teachers in higher education can use Humata to streamline research preparation, create concise summaries for lectures, and provide students with focused insights, enhancing both teaching efficiency and content clarity."
IBM Watson Education,"IBM Watson Education Classroom is an AI-powered platform designed to enhance learning experiences by providing personalized insights and recommendations. It supports educators with data-driven tools to tailor teaching strategies, improve student engagement, and streamline classroom management for better outcomes.",https://www.ibm.com/mysupport/s/topic/0TO50000000Qei8GAC/watson-education-classroom,Virtual Teaching Assistants,"IBM Watson Education Classroom assist educators in personalizing learning experiences and streamlining classroom management. Teachers in higher education can use Watson to analyze student performance, create tailored lesson plans, and provide individualized feedback, enabling a more efficient and impactful teaching process."
Leonardo.AI,"Leonardo.ai is a powerful AI platform designed for creating high-quality, customizable visual content, including game assets, concept art, and digital designs. Using advanced generative AI, it empowers artists and creators to produce unique and professional-grade visuals with efficiency and precision. Leonardo.ai streamlines the creative process, making it an essential tool for professionals in gaming, design, and digital media industries.",https://leonardo.ai/,Content Creation and Enhancement,"Leonardo AI helps educators generate high-quality visuals, illustrations, and designs tailored to their teaching needs. Teachers in higher education can use Leonardo to create engaging lecture materials, design interactive content, and develop unique visuals for presentations, enhancing the overall learning experience for students."
Luma Dream Machine,"Luma Labs AI is an innovative tool that leverages advanced AI to create lifelike 3D visuals and immersive content from simple inputs. Ideal for creators, developers, and businesses, it simplifies 3D asset generation, enabling high-quality results with minimal effort. Luma Labs AI empowers users to bring their ideas to life quickly and efficiently, enhancing creativity across industries.",https://lumalabs.ai,Content Creation and Enhancement,"Luma Labs AI enables teachers in fields like engineering, architecture, and biology to create immersive, interactive visualizations of objects and concepts, fostering more dynamic and engaging teaching experiences."
Magician for Figma,"Magician.design is an innovative AI-powered tool that enhances design workflows by generating creative ideas, illustrations, and content directly within design platforms. Tailored for designers, it uses advanced AI to automate repetitive tasks, suggest improvements, and bring imaginative concepts to life. With its seamless integration and intuitive interface, Magician.design empowers users to accelerate their creative process while maintaining high-quality and professional standards.",https://magician.design,Content Creation and Enhancement,"Magician for Figma helps educators create visually compelling and interactive design elements tailored for teaching materials. Teachers in higher education can use it to design engaging presentations, develop dynamic visual aids, and enhance the aesthetic appeal of course content, making lessons more captivating and effective for students."
Merlin,"Merlin is an AI-driven productivity tool designed to streamline workflows by integrating intelligent automation and data analysis into daily tasks. It helps users manage information, generate insights, and automate repetitive processes, enhancing efficiency across various industries. With its intuitive interface and advanced capabilities, Merlin empowers professionals to save time and focus on high-value work, making it an essential tool for boosting productivity and decision-making.",https://www.getmerlin.in/,Productivity for Students,"Merlin assists educators in automating repetitive tasks, managing workflows, and enhancing teaching efficiency. Teachers in higher education can use Merlin to organize lesson plans, generate summaries for complex topics, and streamline administrative tasks, freeing up time to focus on student engagement and effective instruction."
Midjourney,"MidJourney is an AI-powered creative platform that generates stunning, high-quality images from text prompts, enabling users to visualize concepts effortlessly. Ideal for artists, designers, and innovators, it uses advanced generative AI to transform ideas into captivating visuals, tailored to user preferences. MidJourney enhances creative workflows by providing fast, customizable, and professional-grade results, making it a valuable tool for digital content creation and artistic exploration.",https://www.midjourney.com/home,Content Creation and Enhancement,"MidJourney enables teachers in higher education to create custom illustrations, visual aids, and concept art for subjects such as design, art history, or creative writing, fostering a more engaging and visually enriched learning experience."
MindMap AI,"MindMap AI is an intuitive tool that combines AI with mind mapping to help users organize ideas, brainstorm, and plan effectively. It simplifies complex workflows by generating dynamic, visually engaging mind maps, enabling clearer thinking and better decision-making.",https://mindmapai.app,Personalised Learning,"MindMap AI helps educators create detailed and dynamic mind maps to visually organize and present complex ideas. Teachers in higher education can use MindMap AI to design course outlines, illustrate conceptual relationships, and facilitate collaborative brainstorming sessions, enhancing student understanding and engagement in subjects across disciplines."
Nolej,"Nolej.io is an AI-powered platform designed to transform content into interactive and engaging learning experiences. It enables educators and organizations to create personalized, adaptive learning materials quickly, enhancing knowledge retention and learner engagement.",https://www.nolej.io/,"Generating Interactive Lessons, Courses, and Quizzes","Nolej enables teachers in higher education to quickly convert lecture notes, research papers, or textbooks into dynamic learning resources, making lessons more interactive and accessible for students."
Openknowledgemaps,"Open Knowledge Maps is an AI-driven tool that visually organizes research topics into interactive knowledge maps, making it easier to explore and understand complex academic content. By clustering related papers and concepts, it provides an intuitive overview of the research landscape, helping users quickly identify key areas, connections, and insights. Ideal for researchers, students, and professionals, Open Knowledge Maps enhances discovery and promotes efficient, structured learning.",https://openknowledgemaps.org/,Inquiry and Learning Process Facilitation,"Open Knowledge Maps visualizes academic research topics through interactive knowledge maps. Teachers in higher education can use it to help students explore research areas, understand connections between studies, and gain a comprehensive overview of complex subjects, making it a valuable resource for fostering critical thinking and research skills."
OpenRead,"OpenRead Academy is an AI-powered platform designed to enhance reading comprehension and learning through personalized insights and interactive tools. It helps users analyze texts, extract key information, and develop critical thinking skills, making it ideal for students and educators. By leveraging advanced AI, OpenRead Academy streamlines the learning process, fostering deeper understanding and engagement with complex materials while promoting efficient study practices.",https://www.openread.academy/,Research and Academic Writing ,"OpenRead enhance reading comprehension and engagement by providing interactive summaries and insights into academic texts. Teachers in higher education can use OpenRead to guide students through complex readings, highlight key concepts, and assess understanding, enabling a more efficient and interactive approach to academic learning."
Perplexity AI,"Perplexity.ai is an advanced AI-powered search and answer engine that delivers precise, context-aware responses to user queries by analyzing vast amounts of data in real time. It combines cutting-edge natural language processing with intuitive design, making information retrieval faster and more efficient. Ideal for researchers, professionals, and everyday users, Perplexity.ai simplifies complex searches, offering reliable insights and fostering informed decision-making across a variety of topics.",https://www.perplexity.ai,Inquiry and Learning Process Facilitation,"Perplexity AI enables teachers in higher education to support lesson planning, gather reliable academic sources, and provide students with clear, evidence-based insights, fostering a more informed and efficient teaching process."
Programming Helper,"Programming Helper is an AI-driven platform designed to assist developers with coding tasks, debugging, and learning new programming concepts. It simplifies complex problems by providing instant solutions, code explanations, and best practices, making it an essential tool for both beginners and professionals.",https://www.programming-helper.com,Productivity for Students,"Programming Helper enables teachers in higher education to create coding examples, explain programming concepts, and provide real-time solutions to student queries, enhancing the teaching process in computer science and related courses."
QuillBot,"Quillbot is an AI-powered writing assistant designed to enhance and streamline the writing process by offering tools for paraphrasing, grammar checking, and summarizing. It helps users improve clarity, tone, and style, making it ideal for students, professionals, and content creators. With its intuitive interface and advanced AI capabilities, Quillbot saves time while ensuring polished, high-quality writing tailored to individual needs.",https://quillbot.com/,Content Creation and Enhancement,"QuillBot enables teachers in higher education to assist students in refining their writing, creating concise summaries of complex materials, and crafting clear and effective communication for assignments and academic purposes."
Researchrabbit,"ResearchRabbit is an AI-powered platform that revolutionizes academic research by helping users discover, organize, and track relevant literature efficiently. It offers personalized recommendations, interactive visualizations, and real-time updates on related studies, streamlining the research process. Ideal for researchers and students, ResearchRabbit enhances productivity and fosters deeper insights by providing a dynamic, user-friendly approach to exploring scholarly content.",https://www.researchrabbit.ai/,Research and Academic Writing ,"ResearchRabbit helps educators explore academic literature and identify connections across studies. Teachers in higher education can use ResearchRabbit to streamline literature reviews, curate relevant resources for lectures, and guide students in exploring related research, enhancing the depth and efficiency of their academic teaching."
Runway,"Runway ML is an innovative AI platform that empowers creators to generate, edit, and enhance multimedia content, including images, videos, and animations. With its user-friendly interface and advanced machine learning tools, it simplifies complex creative tasks, making professional-grade content creation accessible to all.",https://runwayml.com/,Content Creation and Enhancement,"Runway enables teachers in higher education to develop visually engaging multimedia content for lectures, create dynamic instructional materials, and demonstrate AI-driven creative workflows in art, media, and design courses, fostering innovative learning experiences."
Snorkel AI ,"Snorkel AI is a powerful platform that streamlines data labeling and model development through programmatic techniques. By leveraging AI-driven automation, it accelerates machine learning workflows, enabling rapid creation of high-quality training datasets for AI applications.",https://snorkel.ai/,Data and Information Management and Evaluation,"Snorkel AI enables teachers in higher education to introduce students to advanced data science techniques, create labeled datasets for machine learning projects, and facilitate hands-on learning in AI and data-driven courses, enhancing practical understanding."
Stability.AI,"Stability AI is an innovative platform specializing in the development of open-source generative AI models and tools. It empowers users to create high-quality visual content, such as images and designs, from text prompts, fostering creativity and accessibility. With its focus on democratizing AI and promoting ethical innovation, Stability AI is a valuable resource for creators, developers, and professionals across various industries.",https://stability.ai/,Content Creation and Enhancement,"Stability AI enables teachers in higher education to create customized illustrations, visual aids, and conceptual designs for art, media, and STEM courses, enhancing the visual engagement and creativity of their teaching materials."
Studio.AI,"Studio AI is an intuitive platform designed to simplify the creation, prototyping, and deployment of AI-driven applications. With user-friendly tools, pre-built templates, and advanced machine learning capabilities, it empowers users to rapidly develop and customize AI solutions for various use cases. Ideal for both beginners and professionals, Studio AI streamlines workflows, fosters innovation, and accelerates the development of intelligent, impactful applications.",https://studio.ai/,Content Creation and Enhancement,"Studio AI enables teachers in higher education to produce engaging lecture videos, design interactive tutorials, and create visually compelling course materials, enhancing the effectiveness and accessibility of their teaching."
Suno,"Suno is an advanced AI platform specializing in generative audio and speech technology, enabling users to create lifelike voiceovers and audio content with ease. Ideal for creators, developers, and businesses, it simplifies the production of high-quality audio, enhancing efficiency and creativity in various projects.",https://suno.com/,Content Creation and Enhancement,"Suno enables teachers in higher education to create audio-based learning materials, develop immersive sound environments for interactive lessons, and support students with auditory learning preferences, enriching the educational experience across various disciplines."
Teachology,"Teachology AI is an innovative platform designed to empower educators by streamlining lesson planning, grading, and student engagement through AI-driven solutions. It offers personalized teaching strategies, automated administrative tasks, and insights into student performance, enabling teachers to focus on impactful instruction. Teachology AI enhances classroom efficiency and fosters better learning outcomes, making it an essential tool for modern education.",https://www.teachology.ai/,Self-Paced Acquisition of Foundational Skills,"Teachology assist educators in optimizing lesson planning, automating administrative tasks, and personalizing student learning experiences. Teachers in higher education can use Teachology AI to create tailored course content, track student progress, and streamline grading processes, allowing for more efficient and impactful teaching."
Tome.AI,"Tome is an AI-powered storytelling platform that helps users create dynamic, visually engaging presentations and narratives. By combining text, images, and multimedia seamlessly, it streamlines content creation for professionals, educators, and creatives, making storytelling more impactful and efficient.",https://tome.app/,Content Creation and Enhancement,"Tome enables educators to create visually stunning and interactive presentations with minimal effort. Teachers in higher education can use Tome to design engaging lecture slides, organize course content effectively, and create dynamic storytelling experiences, making their teaching materials more captivating and accessible for students."
Turnitin AI ,"Turnitin's AI Detector is a powerful tool designed to identify AI-generated content in academic submissions, ensuring integrity and originality. Leveraging advanced algorithms, it provides educators with reliable insights to uphold academic standards and foster authentic learning.",https://www.turnitin.com/solutions/topics/ai-writing/ai-detector/,Assessment and Feedback,"Turnitin AI enables teachers in higher education to evaluate the originality of assignments, detect potential misuse of AI in writing, and promote ethical academic practices, fostering a fair and accountable learning environment."
Typeset,"Typeset.io is an AI-powered platform designed to simplify and enhance the research writing process, offering tools for formatting, citation management, and collaboration. It automates complex tasks like journal submission formatting and provides a user-friendly interface for organizing and sharing academic work. Ideal for researchers, students, and professionals, Typeset.io streamlines workflows, ensuring high-quality, publication-ready documents with minimal effort.",https://typeset.io/,Research and Academic Writing ,"Typeset enables teachers in higher education to guide students in adhering to specific formatting styles, streamline the review process for research assignments, and ensure professional-quality submissions, enhancing the academic writing experience."
Udio,"Udio is an AI-powered learning platform designed to personalize and enhance educational experiences for students and educators. It offers adaptive learning paths, real-time insights, and interactive tools to improve engagement and outcomes. With its user-friendly interface and data-driven approach, Udio supports efficient teaching and learning, making it an essential tool for modern education.",https://www.udio.com,Self-Paced Acquisition of Foundational Skills,"Udio helps educators create interactive and personalized learning experiences through dynamic content and real-time insights. Teachers in higher education can use Udio to develop customized course materials, track student engagement, and adapt lessons to meet individual learning needs, fostering a more engaging and effective educational environment."
You.com,"You.com is an AI-powered search engine that offers personalized, ad-free search experiences while integrating advanced tools for productivity and creativity. It combines natural language processing with customizable preferences, allowing users to find information, generate content, and explore resources tailored to their needs. Designed for efficiency and privacy, You.com empowers users to search smarter and work faster in a seamless, intuitive environment.",https://you.com/,Data and Information Management and Evaluation,"You.com enables teachers in higher education to gather reliable academic resources, generate ideas for course content, and provide students with tailored research guidance, enhancing both teaching preparation and classroom engagement."
,,,,
,,,,
,,,,
,,,,
,,,,
